bleach,accuracy,f1 weighted,f1 macro,f1 micro,ties,run,train time,predict time,ram name,ram kwargs,tuple size,dataset name,encoder,encoder kwargs,experiment name,model size,train samples,test samples,classes,rams per discriminator,discriminators,seed,indices
2000,0.8235987131270107,0.8452470633808601,0.5180526804678617,0.8235987131270107,2871,1,5.872898101806641,0.8873209953308105,DictRam,{},8,sepsis,distributive-thermometer,"{""resolution"": 8}",sepsis experiment,370,88272,22069,2,3,2,1702337668,24
4000,0.9263219901218904,0.8908920043310973,0.48087598795634173,0.9263219901218904,0,1,5.872898101806641,0.7263407707214355,DictRam,{},8,sepsis,distributive-thermometer,"{""resolution"": 8}",sepsis experiment,370,88272,22069,2,3,2,1702337668,24
2000,0.873578322533871,0.8714963503476505,0.5217064340252111,0.873578322533871,1514,2,3.7021942138671875,0.7072851657867432,DictRam,{},8,sepsis,distributive-thermometer,"{""resolution"": 8}",sepsis experiment,419,88272,22069,2,3,2,1702337678,24
4000,0.9262766776926911,0.8908693807283614,0.48086377643433464,0.9262766776926912,1,2,3.7021942138671875,0.7087702751159668,DictRam,{},8,sepsis,distributive-thermometer,"{""resolution"": 8}",sepsis experiment,419,88272,22069,2,3,2,1702337678,24
2000,0.8211518419502469,0.8482440715529055,0.5533947456805971,0.8211518419502469,3355,3,3.66496205329895,0.7135543823242188,DictRam,{},8,sepsis,distributive-thermometer,"{""resolution"": 8}",sepsis experiment,358,88272,22069,2,3,2,1702337683,24
4000,0.9263219901218904,0.8908920043310973,0.48087598795634173,0.9263219901218904,0,3,3.66496205329895,0.7158200740814209,DictRam,{},8,sepsis,distributive-thermometer,"{""resolution"": 8}",sepsis experiment,358,88272,22069,2,3,2,1702337683,24
2000,0.8956001631247451,0.8824571669831616,0.5229924018724352,0.8956001631247451,938,1,2.4271891117095947,1.0194849967956543,count-bloom,"{""est_elements"": 1000, ""false_positive_rate"": 0.05}",8,sepsis,distributive-thermometer,"{""resolution"": 8}",sepsis experiment,149784,88272,22069,2,3,2,1702337689,24
4000,0.8956001631247451,0.8824571669831616,0.5229924018724352,0.8956001631247451,938,1,2.4271891117095947,1.0036849975585938,count-bloom,"{""est_elements"": 1000, ""false_positive_rate"": 0.05}",8,sepsis,distributive-thermometer,"{""resolution"": 8}",sepsis experiment,149784,88272,22069,2,3,2,1702337689,24
2000,0.7215098101409216,0.7851969692587634,0.5202983677732576,0.7215098101409216,6150,2,2.5096795558929443,1.0440609455108643,count-bloom,"{""est_elements"": 1000, ""false_positive_rate"": 0.05}",8,sepsis,distributive-thermometer,"{""resolution"": 8}",sepsis experiment,149784,88272,22069,2,3,2,1702337693,24
4000,0.9251438669627079,0.8903034445379013,0.4805583015581603,0.9251438669627079,26,2,2.5096795558929443,1.0435738563537598,count-bloom,"{""est_elements"": 1000, ""false_positive_rate"": 0.05}",8,sepsis,distributive-thermometer,"{""resolution"": 8}",sepsis experiment,149784,88272,22069,2,3,2,1702337693,24
2000,0.8222846526802302,0.8489718383692793,0.5542695067314639,0.8222846526802302,3330,3,2.371744155883789,0.9663987159729004,count-bloom,"{""est_elements"": 1000, ""false_positive_rate"": 0.05}",8,sepsis,distributive-thermometer,"{""resolution"": 8}",sepsis experiment,149784,88272,22069,2,3,2,1702337698,24
4000,0.9263219901218904,0.8908920043310973,0.48087598795634173,0.9263219901218904,0,3,2.371744155883789,0.9805371761322021,count-bloom,"{""est_elements"": 1000, ""false_positive_rate"": 0.05}",8,sepsis,distributive-thermometer,"{""resolution"": 8}",sepsis experiment,149784,88272,22069,2,3,2,1702337698,24
2000,0.8309846390865014,0.8527381325192467,0.5463492957498096,0.8309846390865013,2962,1,2.466284990310669,1.0557420253753662,count-bloom,"{""est_elements"": 100, ""false_positive_rate"": 0.05}",8,sepsis,distributive-thermometer,"{""resolution"": 8}",sepsis experiment,15096,88272,22069,2,3,2,1702337703,24
4000,0.9263219901218904,0.8908920043310973,0.48087598795634173,0.9263219901218904,0,1,2.466284990310669,1.0533969402313232,count-bloom,"{""est_elements"": 100, ""false_positive_rate"": 0.05}",8,sepsis,distributive-thermometer,"{""resolution"": 8}",sepsis experiment,15096,88272,22069,2,3,2,1702337703,24
2000,0.7215098101409216,0.7851969692587634,0.5202983677732576,0.7215098101409216,6150,2,2.3348047733306885,0.9614861011505127,count-bloom,"{""est_elements"": 100, ""false_positive_rate"": 0.05}",8,sepsis,distributive-thermometer,"{""resolution"": 8}",sepsis experiment,15096,88272,22069,2,3,2,1702337708,24
4000,0.9263219901218904,0.8908920043310973,0.48087598795634173,0.9263219901218904,0,2,2.3348047733306885,0.9683630466461182,count-bloom,"{""est_elements"": 100, ""false_positive_rate"": 0.05}",8,sepsis,distributive-thermometer,"{""resolution"": 8}",sepsis experiment,15096,88272,22069,2,3,2,1702337708,24
2000,0.8132674792695637,0.838705585663188,0.510175147771064,0.8132674792695637,3083,3,2.4762461185455322,1.045229196548462,count-bloom,"{""est_elements"": 100, ""false_positive_rate"": 0.05}",8,sepsis,distributive-thermometer,"{""resolution"": 8}",sepsis experiment,15096,88272,22069,2,3,2,1702337712,24
4000,0.9263219901218904,0.8908920043310973,0.48087598795634173,0.9263219901218904,0,3,2.4762461185455322,1.037795066833496,count-bloom,"{""est_elements"": 100, ""false_positive_rate"": 0.05}",8,sepsis,distributive-thermometer,"{""resolution"": 8}",sepsis experiment,15096,88272,22069,2,3,2,1702337712,24
2000,0.9263219901218904,0.8908920043310973,0.48087598795634173,0.9263219901218904,0,1,3.0671677589416504,1.2450973987579346,count-bloom,"{""est_elements"": 100, ""false_positive_rate"": 0.02}",8,sepsis,distributive-thermometer,"{""resolution"": 8}",sepsis experiment,19680,88272,22069,2,3,2,1702337717,24
4000,0.9263219901218904,0.8908920043310973,0.48087598795634173,0.9263219901218904,0,1,3.0671677589416504,1.2956628799438477,count-bloom,"{""est_elements"": 100, ""false_positive_rate"": 0.02}",8,sepsis,distributive-thermometer,"{""resolution"": 8}",sepsis experiment,19680,88272,22069,2,3,2,1702337717,24
2000,0.8255471475825819,0.846348415218285,0.5185281027383638,0.8255471475825819,2820,2,3.1170332431793213,1.2883386611938477,count-bloom,"{""est_elements"": 100, ""false_positive_rate"": 0.02}",8,sepsis,distributive-thermometer,"{""resolution"": 8}",sepsis experiment,19680,88272,22069,2,3,2,1702337723,24
4000,0.9263219901218904,0.8908920043310973,0.48087598795634173,0.9263219901218904,0,2,3.1170332431793213,1.2634451389312744,count-bloom,"{""est_elements"": 100, ""false_positive_rate"": 0.02}",8,sepsis,distributive-thermometer,"{""resolution"": 8}",sepsis experiment,19680,88272,22069,2,3,2,1702337723,24
2000,0.8243690244233993,0.8414562570810522,0.4849923358847632,0.8243690244233993,2528,3,3.1878883838653564,1.3517413139343262,count-bloom,"{""est_elements"": 100, ""false_positive_rate"": 0.02}",8,sepsis,distributive-thermometer,"{""resolution"": 8}",sepsis experiment,19680,88272,22069,2,3,2,1702337728,24
4000,0.9160360686936426,0.8858838615722178,0.47916408995654985,0.9160360686936426,231,3,3.1878883838653564,1.3849565982818604,count-bloom,"{""est_elements"": 100, ""false_positive_rate"": 0.02}",8,sepsis,distributive-thermometer,"{""resolution"": 8}",sepsis experiment,19680,88272,22069,2,3,2,1702337728,24
2000,0.7215098101409216,0.7851969692587634,0.5202983677732576,0.7215098101409216,6150,1,2.328937530517578,0.9887936115264893,count-bloom,"{""est_elements"": 100, ""false_positive_rate"": 0.08}",8,sepsis,distributive-thermometer,"{""resolution"": 8}",sepsis experiment,12744,88272,22069,2,3,2,1702337735,24
4000,0.9251438669627079,0.8903034445379013,0.4805583015581603,0.9251438669627079,26,1,2.328937530517578,0.9996945858001709,count-bloom,"{""est_elements"": 100, ""false_positive_rate"": 0.08}",8,sepsis,distributive-thermometer,"{""resolution"": 8}",sepsis experiment,12744,88272,22069,2,3,2,1702337735,24
2000,0.9255516788255018,0.8908575249617964,0.4830874479765693,0.9255516788255018,25,2,2.559211254119873,1.0786595344543457,count-bloom,"{""est_elements"": 100, ""false_positive_rate"": 0.08}",8,sepsis,distributive-thermometer,"{""resolution"": 8}",sepsis experiment,12744,88272,22069,2,3,2,1702337739,24
4000,0.9263219901218904,0.8908920043310973,0.48087598795634173,0.9263219901218904,0,2,2.559211254119873,1.0707437992095947,count-bloom,"{""est_elements"": 100, ""false_positive_rate"": 0.08}",8,sepsis,distributive-thermometer,"{""resolution"": 8}",sepsis experiment,12744,88272,22069,2,3,2,1702337739,24
2000,0.8255471475825819,0.846348415218285,0.5185281027383638,0.8255471475825819,2820,3,2.4509940147399902,1.028986930847168,count-bloom,"{""est_elements"": 100, ""false_positive_rate"": 0.08}",8,sepsis,distributive-thermometer,"{""resolution"": 8}",sepsis experiment,12744,88272,22069,2,3,2,1702337744,24
4000,0.9263219901218904,0.8908920043310973,0.48087598795634173,0.9263219901218904,0,3,2.4509940147399902,1.0402696132659912,count-bloom,"{""est_elements"": 100, ""false_positive_rate"": 0.08}",8,sepsis,distributive-thermometer,"{""resolution"": 8}",sepsis experiment,12744,88272,22069,2,3,2,1702337744,24
2000,0.873578322533871,0.8714963503476505,0.5217064340252111,0.873578322533871,1514,1,2.9176390171051025,1.3436026573181152,count-min-sketch,"{""width"": 1000, ""depth"": 5}",8,sepsis,distributive-thermometer,"{""resolution"": 8}",sepsis experiment,120096,88272,22069,2,3,2,1702337749,24
4000,0.9251438669627079,0.8903034445379013,0.4805583015581603,0.9251438669627079,26,1,2.9176390171051025,1.3237855434417725,count-min-sketch,"{""width"": 1000, ""depth"": 5}",8,sepsis,distributive-thermometer,"{""resolution"": 8}",sepsis experiment,120096,88272,22069,2,3,2,1702337749,24
2000,0.8309846390865014,0.8527381325192467,0.5463492957498096,0.8309846390865013,2962,2,3.05357027053833,1.351325511932373,count-min-sketch,"{""width"": 1000, ""depth"": 5}",8,sepsis,distributive-thermometer,"{""resolution"": 8}",sepsis experiment,120096,88272,22069,2,3,2,1702337754,24
4000,0.9258688658298971,0.8906657203971854,0.480753846877794,0.9258688658298971,10,2,3.05357027053833,1.3652238845825195,count-min-sketch,"{""width"": 1000, ""depth"": 5}",8,sepsis,distributive-thermometer,"{""resolution"": 8}",sepsis experiment,120096,88272,22069,2,3,2,1702337754,24
2000,0.7125832615886538,0.77831509261607,0.5049723601425036,0.7125832615886538,6151,3,2.957737445831299,1.3223509788513184,count-min-sketch,"{""width"": 1000, ""depth"": 5}",8,sepsis,distributive-thermometer,"{""resolution"": 8}",sepsis experiment,120096,88272,22069,2,3,2,1702337760,24
4000,0.9263219901218904,0.8908920043310973,0.48087598795634173,0.9263219901218904,0,3,2.957737445831299,1.2860732078552246,count-min-sketch,"{""width"": 1000, ""depth"": 5}",8,sepsis,distributive-thermometer,"{""resolution"": 8}",sepsis experiment,120096,88272,22069,2,3,2,1702337760,24
2000,0.8956001631247451,0.8824571669831616,0.5229924018724352,0.8956001631247451,938,1,2.8695218563079834,1.272329330444336,count-min-sketch,"{""width"": 500, ""depth"": 5}",8,sepsis,distributive-thermometer,"{""resolution"": 8}",sepsis experiment,60096,88272,22069,2,3,2,1702337766,24
4000,0.8956001631247451,0.8824571669831616,0.5229924018724352,0.8956001631247451,938,1,2.8695218563079834,1.2902827262878418,count-min-sketch,"{""width"": 500, ""depth"": 5}",8,sepsis,distributive-thermometer,"{""resolution"": 8}",sepsis experiment,60096,88272,22069,2,3,2,1702337766,24
2000,0.8735330101046717,0.8715467160323199,0.5222374117384887,0.8735330101046717,1519,2,2.9059104919433594,1.282301902770996,count-min-sketch,"{""width"": 500, ""depth"": 5}",8,sepsis,distributive-thermometer,"{""resolution"": 8}",sepsis experiment,60096,88272,22069,2,3,2,1702337772,24
4000,0.9263219901218904,0.8908920043310973,0.48087598795634173,0.9263219901218904,0,2,2.9059104919433594,1.302800178527832,count-min-sketch,"{""width"": 500, ""depth"": 5}",8,sepsis,distributive-thermometer,"{""resolution"": 8}",sepsis experiment,60096,88272,22069,2,3,2,1702337772,24
2000,0.8956001631247451,0.8824571669831616,0.5229924018724352,0.8956001631247451,938,3,2.9669926166534424,1.3331921100616455,count-min-sketch,"{""width"": 500, ""depth"": 5}",8,sepsis,distributive-thermometer,"{""resolution"": 8}",sepsis experiment,60096,88272,22069,2,3,2,1702337777,24
4000,0.880873623634963,0.8750246822708128,0.5211355194115977,0.880873623634963,1315,3,2.9669926166534424,1.3306357860565186,count-min-sketch,"{""width"": 500, ""depth"": 5}",8,sepsis,distributive-thermometer,"{""resolution"": 8}",sepsis experiment,60096,88272,22069,2,3,2,1702337777,24
2000,0.8223299651094295,0.8490009479667351,0.5543045977459953,0.8223299651094295,3329,1,3.1111538410186768,1.3894965648651123,count-min-sketch,"{""width"": 100, ""depth"": 5}",8,sepsis,distributive-thermometer,"{""resolution"": 8}",sepsis experiment,12096,88272,22069,2,3,2,1702337783,24
4000,0.9263219901218904,0.8908920043310973,0.48087598795634173,0.9263219901218904,0,1,3.1111538410186768,1.424509048461914,count-min-sketch,"{""width"": 100, ""depth"": 5}",8,sepsis,distributive-thermometer,"{""resolution"": 8}",sepsis experiment,12096,88272,22069,2,3,2,1702337783,24
2000,0.880873623634963,0.8750246822708128,0.5211355194115977,0.880873623634963,1315,2,2.793759346008301,1.2543585300445557,count-min-sketch,"{""width"": 100, ""depth"": 5}",8,sepsis,distributive-thermometer,"{""resolution"": 8}",sepsis experiment,12096,88272,22069,2,3,2,1702337789,24
4000,0.8617517785128461,0.8662777438046518,0.5269746007930554,0.8617517785128461,1877,2,2.793759346008301,1.2590711116790771,count-min-sketch,"{""width"": 100, ""depth"": 5}",8,sepsis,distributive-thermometer,"{""resolution"": 8}",sepsis experiment,12096,88272,22069,2,3,2,1702337789,24
2000,0.8309846390865014,0.8527381325192467,0.5463492957498096,0.8309846390865013,2962,3,2.9069952964782715,1.31459641456604,count-min-sketch,"{""width"": 100, ""depth"": 5}",8,sepsis,distributive-thermometer,"{""resolution"": 8}",sepsis experiment,12096,88272,22069,2,3,2,1702337795,24
4000,0.9263219901218904,0.8908920043310973,0.48087598795634173,0.9263219901218904,0,3,2.9069952964782715,1.3459603786468506,count-min-sketch,"{""width"": 100, ""depth"": 5}",8,sepsis,distributive-thermometer,"{""resolution"": 8}",sepsis experiment,12096,88272,22069,2,3,2,1702337795,24
2000,0.9121845122116997,0.8861413054230487,0.4934690120400012,0.9121845122116997,378,1,2.1058647632598877,0.9463610649108887,count-min-sketch,"{""width"": 1000, ""depth"": 3}",8,sepsis,distributive-thermometer,"{""resolution"": 8}",sepsis experiment,72096,88272,22069,2,3,2,1702337801,24
4000,0.8986814083102995,0.8771442603490384,0.47509613218727825,0.8986814083102995,618,1,2.1058647632598877,0.9482254981994629,count-min-sketch,"{""width"": 1000, ""depth"": 3}",8,sepsis,distributive-thermometer,"{""resolution"": 8}",sepsis experiment,72096,88272,22069,2,3,2,1702337801,24
2000,0.9263219901218904,0.8908920043310973,0.48087598795634173,0.9263219901218904,0,2,2.2178030014038086,0.9926164150238037,count-min-sketch,"{""width"": 1000, ""depth"": 3}",8,sepsis,distributive-thermometer,"{""resolution"": 8}",sepsis experiment,72096,88272,22069,2,3,2,1702337805,24
4000,0.9263219901218904,0.8908920043310973,0.48087598795634173,0.9263219901218904,0,2,2.2178030014038086,1.0122601985931396,count-min-sketch,"{""width"": 1000, ""depth"": 3}",8,sepsis,distributive-thermometer,"{""resolution"": 8}",sepsis experiment,72096,88272,22069,2,3,2,1702337805,24
2000,0.8255471475825819,0.846348415218285,0.5185281027383638,0.8255471475825819,2820,3,2.253736734390259,1.042656421661377,count-min-sketch,"{""width"": 1000, ""depth"": 3}",8,sepsis,distributive-thermometer,"{""resolution"": 8}",sepsis experiment,72096,88272,22069,2,3,2,1702337809,24
4000,0.9263219901218904,0.8908920043310973,0.48087598795634173,0.9263219901218904,0,3,2.253736734390259,1.038945198059082,count-min-sketch,"{""width"": 1000, ""depth"": 3}",8,sepsis,distributive-thermometer,"{""resolution"": 8}",sepsis experiment,72096,88272,22069,2,3,2,1702337809,24
2000,0.8222846526802302,0.8489718383692793,0.5542695067314639,0.8222846526802302,3330,1,2.2220499515533447,1.014686107635498,count-min-sketch,"{""width"": 500, ""depth"": 3}",8,sepsis,distributive-thermometer,"{""resolution"": 8}",sepsis experiment,36096,88272,22069,2,3,2,1702337814,24
4000,0.9263219901218904,0.8908920043310973,0.48087598795634173,0.9263219901218904,0,1,2.2220499515533447,0.9890670776367188,count-min-sketch,"{""width"": 500, ""depth"": 3}",8,sepsis,distributive-thermometer,"{""resolution"": 8}",sepsis experiment,36096,88272,22069,2,3,2,1702337814,24
2000,0.8728533236666818,0.8712217017589409,0.5223327308730269,0.8728533236666818,1538,2,2.1881887912750244,0.9650213718414307,count-min-sketch,"{""width"": 500, ""depth"": 3}",8,sepsis,distributive-thermometer,"{""resolution"": 8}",sepsis experiment,36096,88272,22069,2,3,2,1702337818,24
4000,0.9263219901218904,0.8908920043310973,0.48087598795634173,0.9263219901218904,0,2,2.1881887912750244,0.9530975818634033,count-min-sketch,"{""width"": 500, ""depth"": 3}",8,sepsis,distributive-thermometer,"{""resolution"": 8}",sepsis experiment,36096,88272,22069,2,3,2,1702337818,24
2000,0.9121845122116997,0.8861413054230487,0.4934690120400012,0.9121845122116997,378,3,2.322305679321289,0.9922795295715332,count-min-sketch,"{""width"": 500, ""depth"": 3}",8,sepsis,distributive-thermometer,"{""resolution"": 8}",sepsis experiment,36096,88272,22069,2,3,2,1702337823,24
4000,0.9263219901218904,0.8908920043310973,0.48087598795634173,0.9263219901218904,0,3,2.322305679321289,0.9882307052612305,count-min-sketch,"{""width"": 500, ""depth"": 3}",8,sepsis,distributive-thermometer,"{""resolution"": 8}",sepsis experiment,36096,88272,22069,2,3,2,1702337823,24
2000,0.8234174634102134,0.8467591261109177,0.5310006307556658,0.8234174634102134,3017,1,2.1605985164642334,1.0036678314208984,count-min-sketch,"{""width"": 100, ""depth"": 3}",8,sepsis,distributive-thermometer,"{""resolution"": 8}",sepsis experiment,7296,88272,22069,2,3,2,1702337827,24
4000,0.9263219901218904,0.8908920043310973,0.48087598795634173,0.9263219901218904,0,1,2.1605985164642334,0.9728715419769287,count-min-sketch,"{""width"": 100, ""depth"": 3}",8,sepsis,distributive-thermometer,"{""resolution"": 8}",sepsis experiment,7296,88272,22069,2,3,2,1702337827,24
2000,0.9263219901218904,0.8908920043310973,0.48087598795634173,0.9263219901218904,0,2,2.1912343502044678,0.9769778251647949,count-min-sketch,"{""width"": 100, ""depth"": 3}",8,sepsis,distributive-thermometer,"{""resolution"": 8}",sepsis experiment,7296,88272,22069,2,3,2,1702337831,24
4000,0.9263219901218904,0.8908920043310973,0.48087598795634173,0.9263219901218904,0,2,2.1912343502044678,0.988450288772583,count-min-sketch,"{""width"": 100, ""depth"": 3}",8,sepsis,distributive-thermometer,"{""resolution"": 8}",sepsis experiment,7296,88272,22069,2,3,2,1702337831,24
2000,0.8298065159273189,0.8519936602740082,0.5454624597074498,0.829806515927319,2988,3,2.27941632270813,1.0227391719818115,count-min-sketch,"{""width"": 100, ""depth"": 3}",8,sepsis,distributive-thermometer,"{""resolution"": 8}",sepsis experiment,7296,88272,22069,2,3,2,1702337836,24
4000,0.9251438669627079,0.8903034445379013,0.4805583015581603,0.9251438669627079,26,3,2.27941632270813,1.0270860195159912,count-min-sketch,"{""width"": 100, ""depth"": 3}",8,sepsis,distributive-thermometer,"{""resolution"": 8}",sepsis experiment,7296,88272,22069,2,3,2,1702337836,24
2000,0.8956001631247451,0.8824571669831616,0.5229924018724352,0.8956001631247451,938,1,2.3413491249084473,0.9930884838104248,count-min-sketch,"{""width"": 50, ""depth"": 3}",8,sepsis,distributive-thermometer,"{""resolution"": 8}",sepsis experiment,3696,88272,22069,2,3,2,1702337840,24
4000,0.880873623634963,0.8750246822708128,0.5211355194115977,0.880873623634963,1315,1,2.3413491249084473,0.9833986759185791,count-min-sketch,"{""width"": 50, ""depth"": 3}",8,sepsis,distributive-thermometer,"{""resolution"": 8}",sepsis experiment,3696,88272,22069,2,3,2,1702337840,24
2000,0.7170238796501881,0.7796718200795932,0.48414755458445285,0.7170238796501881,5615,2,2.100165605545044,0.9274780750274658,count-min-sketch,"{""width"": 50, ""depth"": 3}",8,sepsis,distributive-thermometer,"{""resolution"": 8}",sepsis experiment,3696,88272,22069,2,3,2,1702337845,24
4000,0.9262766776926911,0.8908693807283614,0.48086377643433464,0.9262766776926912,1,2,2.100165605545044,0.9348065853118896,count-min-sketch,"{""width"": 50, ""depth"": 3}",8,sepsis,distributive-thermometer,"{""resolution"": 8}",sepsis experiment,3696,88272,22069,2,3,2,1702337845,24
2000,0.8956001631247451,0.8824571669831616,0.5229924018724352,0.8956001631247451,938,3,2.1607797145843506,0.9697000980377197,count-min-sketch,"{""width"": 50, ""depth"": 3}",8,sepsis,distributive-thermometer,"{""resolution"": 8}",sepsis experiment,3696,88272,22069,2,3,2,1702337849,24
4000,0.8956001631247451,0.8824571669831616,0.5229924018724352,0.8956001631247451,938,3,2.1607797145843506,0.9702136516571045,count-min-sketch,"{""width"": 50, ""depth"": 3}",8,sepsis,distributive-thermometer,"{""resolution"": 8}",sepsis experiment,3696,88272,22069,2,3,2,1702337849,24
2000,0.6130318546377271,0.7048074565094388,0.4688220096086465,0.6130318546377271,8944,1,1.751953125,0.7863385677337646,count-min-sketch,"{""width"": 50, ""depth"": 2}",8,sepsis,distributive-thermometer,"{""resolution"": 8}",sepsis experiment,2496,88272,22069,2,3,2,1702337853,24
4000,0.9263219901218904,0.8908920043310973,0.48087598795634173,0.9263219901218904,0,1,1.751953125,0.7855827808380127,count-min-sketch,"{""width"": 50, ""depth"": 2}",8,sepsis,distributive-thermometer,"{""resolution"": 8}",sepsis experiment,2496,88272,22069,2,3,2,1702337853,24
2000,0.8309846390865014,0.8527381325192467,0.5463492957498096,0.8309846390865013,2962,2,1.7797670364379883,0.8028645515441895,count-min-sketch,"{""width"": 50, ""depth"": 2}",8,sepsis,distributive-thermometer,"{""resolution"": 8}",sepsis experiment,2496,88272,22069,2,3,2,1702337857,24
4000,0.9263219901218904,0.8908920043310973,0.48087598795634173,0.9263219901218904,0,2,1.7797670364379883,0.8064618110656738,count-min-sketch,"{""width"": 50, ""depth"": 2}",8,sepsis,distributive-thermometer,"{""resolution"": 8}",sepsis experiment,2496,88272,22069,2,3,2,1702337857,24
2000,0.8309846390865014,0.8527381325192467,0.5463492957498096,0.8309846390865013,2962,3,1.7603883743286133,0.7673859596252441,count-min-sketch,"{""width"": 50, ""depth"": 2}",8,sepsis,distributive-thermometer,"{""resolution"": 8}",sepsis experiment,2496,88272,22069,2,3,2,1702337860,24
4000,0.9263219901218904,0.8908920043310973,0.48087598795634173,0.9263219901218904,0,3,1.7603883743286133,0.7883226871490479,count-min-sketch,"{""width"": 50, ""depth"": 2}",8,sepsis,distributive-thermometer,"{""resolution"": 8}",sepsis experiment,2496,88272,22069,2,3,2,1702337860,24
2000,0.9263219901218904,0.8908920043310973,0.48087598795634173,0.9263219901218904,0,1,2.1020710468292236,0.9357931613922119,count-min-sketch,"{""width"": 20, ""depth"": 3}",8,sepsis,distributive-thermometer,"{""resolution"": 8}",sepsis experiment,1536,88272,22069,2,3,2,1702337864,24
4000,0.9251438669627079,0.8903034445379013,0.4805583015581603,0.9251438669627079,26,1,2.1020710468292236,0.959061861038208,count-min-sketch,"{""width"": 20, ""depth"": 3}",8,sepsis,distributive-thermometer,"{""resolution"": 8}",sepsis experiment,1536,88272,22069,2,3,2,1702337864,24
2000,0.8222846526802302,0.8489718383692793,0.5542695067314639,0.8222846526802302,3330,2,2.1613426208496094,0.9646694660186768,count-min-sketch,"{""width"": 20, ""depth"": 3}",8,sepsis,distributive-thermometer,"{""resolution"": 8}",sepsis experiment,1536,88272,22069,2,3,2,1702337868,24
4000,0.9263219901218904,0.8908920043310973,0.48087598795634173,0.9263219901218904,0,2,2.1613426208496094,0.9675066471099854,count-min-sketch,"{""width"": 20, ""depth"": 3}",8,sepsis,distributive-thermometer,"{""resolution"": 8}",sepsis experiment,1536,88272,22069,2,3,2,1702337868,24
2000,0.8728533236666818,0.8712217017589409,0.5223327308730269,0.8728533236666818,1538,3,2.102179765701294,0.9560949802398682,count-min-sketch,"{""width"": 20, ""depth"": 3}",8,sepsis,distributive-thermometer,"{""resolution"": 8}",sepsis experiment,1536,88272,22069,2,3,2,1702337872,24
4000,0.9255969912547012,0.8908803863953819,0.48310113943045596,0.9255969912547012,24,3,2.102179765701294,0.9763240814208984,count-min-sketch,"{""width"": 20, ""depth"": 3}",8,sepsis,distributive-thermometer,"{""resolution"": 8}",sepsis experiment,1536,88272,22069,2,3,2,1702337872,24
2000,0.6964067243644931,0.7669475447430151,0.49539136285622204,0.6964067243644931,6514,1,1.8245739936828613,0.8165562152862549,count-min-sketch,"{""width"": 20, ""depth"": 2}",8,sepsis,distributive-thermometer,"{""resolution"": 8}",sepsis experiment,1056,88272,22069,2,3,2,1702337877,24
4000,0.9263219901218904,0.8908920043310973,0.48087598795634173,0.9263219901218904,0,1,1.8245739936828613,0.8221530914306641,count-min-sketch,"{""width"": 20, ""depth"": 2}",8,sepsis,distributive-thermometer,"{""resolution"": 8}",sepsis experiment,1056,88272,22069,2,3,2,1702337877,24
2000,0.9255516788255018,0.8908575249617964,0.4830874479765693,0.9255516788255018,25,2,1.8537733554840088,0.8343150615692139,count-min-sketch,"{""width"": 20, ""depth"": 2}",8,sepsis,distributive-thermometer,"{""resolution"": 8}",sepsis experiment,1056,88272,22069,2,3,2,1702337880,24
4000,0.9263219901218904,0.8908920043310973,0.48087598795634173,0.9263219901218904,0,2,1.8537733554840088,0.8308660984039307,count-min-sketch,"{""width"": 20, ""depth"": 2}",8,sepsis,distributive-thermometer,"{""resolution"": 8}",sepsis experiment,1056,88272,22069,2,3,2,1702337880,24
2000,0.873578322533871,0.8714963503476505,0.5217064340252111,0.873578322533871,1514,3,1.9017665386199951,0.8472464084625244,count-min-sketch,"{""width"": 20, ""depth"": 2}",8,sepsis,distributive-thermometer,"{""resolution"": 8}",sepsis experiment,1056,88272,22069,2,3,2,1702337884,24
4000,0.9263219901218904,0.8908920043310973,0.48087598795634173,0.9263219901218904,0,3,1.9017665386199951,0.8519589900970459,count-min-sketch,"{""width"": 20, ""depth"": 2}",8,sepsis,distributive-thermometer,"{""resolution"": 8}",sepsis experiment,1056,88272,22069,2,3,2,1702337884,24
2000,0.7215098101409216,0.7851969692587634,0.5202983677732576,0.7215098101409216,6150,1,2.264822483062744,1.117666482925415,count-cuckoo,"{""capacity"": 1000, ""bucket_size"": 4}",8,sepsis,distributive-thermometer,"{""resolution"": 8}",sepsis experiment,192048,88272,22069,2,3,2,1702337888,24
4000,0.9263219901218904,0.8908920043310973,0.48087598795634173,0.9263219901218904,0,1,2.264822483062744,1.1149961948394775,count-cuckoo,"{""capacity"": 1000, ""bucket_size"": 4}",8,sepsis,distributive-thermometer,"{""resolution"": 8}",sepsis experiment,192048,88272,22069,2,3,2,1702337888,24
2000,0.8728533236666818,0.8712217017589409,0.5223327308730269,0.8728533236666818,1538,2,2.2716400623321533,1.0830349922180176,count-cuckoo,"{""capacity"": 1000, ""bucket_size"": 4}",8,sepsis,distributive-thermometer,"{""resolution"": 8}",sepsis experiment,192048,88272,22069,2,3,2,1702337892,24
4000,0.9244188680955187,0.8902857263902877,0.48274554398716063,0.9244188680955188,50,2,2.2716400623321533,1.1141433715820312,count-cuckoo,"{""capacity"": 1000, ""bucket_size"": 4}",8,sepsis,distributive-thermometer,"{""resolution"": 8}",sepsis experiment,192048,88272,22069,2,3,2,1702337892,24
2000,0.8956001631247451,0.8824571669831616,0.5229924018724352,0.8956001631247451,938,3,2.2996599674224854,1.1371490955352783,count-cuckoo,"{""capacity"": 1000, ""bucket_size"": 4}",8,sepsis,distributive-thermometer,"{""resolution"": 8}",sepsis experiment,192048,88272,22069,2,3,2,1702337897,24
4000,0.8956001631247451,0.8824571669831616,0.5229924018724352,0.8956001631247451,938,3,2.2996599674224854,1.1384010314941406,count-cuckoo,"{""capacity"": 1000, ""bucket_size"": 4}",8,sepsis,distributive-thermometer,"{""resolution"": 8}",sepsis experiment,192048,88272,22069,2,3,2,1702337897,24
2000,0.7137613847478363,0.7791380231434266,0.5057012139214165,0.7137613847478363,6125,1,2.315852165222168,1.127166986465454,count-cuckoo,"{""capacity"": 500, ""bucket_size"": 4}",8,sepsis,distributive-thermometer,"{""resolution"": 8}",sepsis experiment,96048,88272,22069,2,3,2,1702337902,24
4000,0.9263219901218904,0.8908920043310973,0.48087598795634173,0.9263219901218904,0,1,2.315852165222168,1.1297049522399902,count-cuckoo,"{""capacity"": 500, ""bucket_size"": 4}",8,sepsis,distributive-thermometer,"{""resolution"": 8}",sepsis experiment,96048,88272,22069,2,3,2,1702337902,24
2000,0.7137613847478363,0.7791380231434266,0.5057012139214165,0.7137613847478363,6125,2,2.3651487827301025,1.1104414463043213,count-cuckoo,"{""capacity"": 500, ""bucket_size"": 4}",8,sepsis,distributive-thermometer,"{""resolution"": 8}",sepsis experiment,96048,88272,22069,2,3,2,1702337907,24
4000,0.9263219901218904,0.8908920043310973,0.48087598795634173,0.9263219901218904,0,2,2.3651487827301025,1.0973327159881592,count-cuckoo,"{""capacity"": 500, ""bucket_size"": 4}",8,sepsis,distributive-thermometer,"{""resolution"": 8}",sepsis experiment,96048,88272,22069,2,3,2,1702337907,24
2000,0.9263219901218904,0.8908920043310973,0.48087598795634173,0.9263219901218904,0,3,2.263352394104004,1.0994923114776611,count-cuckoo,"{""capacity"": 500, ""bucket_size"": 4}",8,sepsis,distributive-thermometer,"{""resolution"": 8}",sepsis experiment,96048,88272,22069,2,3,2,1702337912,24
4000,0.9263219901218904,0.8908920043310973,0.48087598795634173,0.9263219901218904,0,3,2.263352394104004,1.08986496925354,count-cuckoo,"{""capacity"": 500, ""bucket_size"": 4}",8,sepsis,distributive-thermometer,"{""resolution"": 8}",sepsis experiment,96048,88272,22069,2,3,2,1702337912,24
2000,0.7162535683537995,0.7791846834562046,0.48417352429278704,0.7162535683537995,5640,1,2.244927406311035,1.0918281078338623,count-cuckoo,"{""capacity"": 100, ""bucket_size"": 4}",8,sepsis,distributive-thermometer,"{""resolution"": 8}",sepsis experiment,19248,88272,22069,2,3,2,1702337916,24
4000,0.9263219901218904,0.8908920043310973,0.48087598795634173,0.9263219901218904,0,1,2.244927406311035,1.0935378074645996,count-cuckoo,"{""capacity"": 100, ""bucket_size"": 4}",8,sepsis,distributive-thermometer,"{""resolution"": 8}",sepsis experiment,19248,88272,22069,2,3,2,1702337916,24
2000,0.8956001631247451,0.8824571669831616,0.5229924018724352,0.8956001631247451,938,2,2.2725818157196045,1.1014549732208252,count-cuckoo,"{""capacity"": 100, ""bucket_size"": 4}",8,sepsis,distributive-thermometer,"{""resolution"": 8}",sepsis experiment,19248,88272,22069,2,3,2,1702337921,24
4000,0.8956001631247451,0.8824571669831616,0.5229924018724352,0.8956001631247451,938,2,2.2725818157196045,1.0982897281646729,count-cuckoo,"{""capacity"": 100, ""bucket_size"": 4}",8,sepsis,distributive-thermometer,"{""resolution"": 8}",sepsis experiment,19248,88272,22069,2,3,2,1702337921,24
2000,0.721555122570121,0.7852287357017183,0.5203279224589002,0.721555122570121,6149,3,2.2605066299438477,1.1257319450378418,count-cuckoo,"{""capacity"": 100, ""bucket_size"": 4}",8,sepsis,distributive-thermometer,"{""resolution"": 8}",sepsis experiment,19248,88272,22069,2,3,2,1702337926,24
4000,0.9263219901218904,0.8908920043310973,0.48087598795634173,0.9263219901218904,0,3,2.2605066299438477,1.0743401050567627,count-cuckoo,"{""capacity"": 100, ""bucket_size"": 4}",8,sepsis,distributive-thermometer,"{""resolution"": 8}",sepsis experiment,19248,88272,22069,2,3,2,1702337926,24
2000,0.6130318546377271,0.7048074565094388,0.4688220096086465,0.6130318546377271,8944,1,2.290767192840576,1.1051363945007324,count-cuckoo,"{""capacity"": 1000, ""bucket_size"": 2}",8,sepsis,distributive-thermometer,"{""resolution"": 8}",sepsis experiment,96048,88272,22069,2,3,2,1702337930,24
4000,0.9263219901218904,0.8908920043310973,0.48087598795634173,0.9263219901218904,0,1,2.290767192840576,1.1140425205230713,count-cuckoo,"{""capacity"": 1000, ""bucket_size"": 2}",8,sepsis,distributive-thermometer,"{""resolution"": 8}",sepsis experiment,96048,88272,22069,2,3,2,1702337930,24
2000,0.8255471475825819,0.846348415218285,0.5185281027383638,0.8255471475825819,2820,2,2.3224120140075684,1.1164920330047607,count-cuckoo,"{""capacity"": 1000, ""bucket_size"": 2}",8,sepsis,distributive-thermometer,"{""resolution"": 8}",sepsis experiment,96048,88272,22069,2,3,2,1702337935,24
4000,0.9262766776926911,0.8908693807283614,0.48086377643433464,0.9262766776926912,1,2,2.3224120140075684,1.1190898418426514,count-cuckoo,"{""capacity"": 1000, ""bucket_size"": 2}",8,sepsis,distributive-thermometer,"{""resolution"": 8}",sepsis experiment,96048,88272,22069,2,3,2,1702337935,24
2000,0.7215098101409216,0.7851969692587634,0.5202983677732576,0.7215098101409216,6150,3,2.3035218715667725,1.078770637512207,count-cuckoo,"{""capacity"": 1000, ""bucket_size"": 2}",8,sepsis,distributive-thermometer,"{""resolution"": 8}",sepsis experiment,96048,88272,22069,2,3,2,1702337940,24
4000,0.9263219901218904,0.8908920043310973,0.48087598795634173,0.9263219901218904,0,3,2.3035218715667725,1.0931882858276367,count-cuckoo,"{""capacity"": 1000, ""bucket_size"": 2}",8,sepsis,distributive-thermometer,"{""resolution"": 8}",sepsis experiment,96048,88272,22069,2,3,2,1702337940,24
2000,0.8309846390865014,0.8527381325192467,0.5463492957498096,0.8309846390865013,2962,1,2.248534679412842,1.106980323791504,count-cuckoo,"{""capacity"": 500, ""bucket_size"": 2}",8,sepsis,distributive-thermometer,"{""resolution"": 8}",sepsis experiment,48048,88272,22069,2,3,2,1702337944,24
4000,0.9263219901218904,0.8908920043310973,0.48087598795634173,0.9263219901218904,0,1,2.248534679412842,1.1282973289489746,count-cuckoo,"{""capacity"": 500, ""bucket_size"": 2}",8,sepsis,distributive-thermometer,"{""resolution"": 8}",sepsis experiment,48048,88272,22069,2,3,2,1702337944,24
2000,0.7138066971770357,0.779169658239147,0.5057292762236398,0.7138066971770357,6124,2,2.2722346782684326,1.1136739253997803,count-cuckoo,"{""capacity"": 500, ""bucket_size"": 2}",8,sepsis,distributive-thermometer,"{""resolution"": 8}",sepsis experiment,48048,88272,22069,2,3,2,1702337949,24
4000,0.9263219901218904,0.8908920043310973,0.48087598795634173,0.9263219901218904,0,2,2.2722346782684326,1.1030678749084473,count-cuckoo,"{""capacity"": 500, ""bucket_size"": 2}",8,sepsis,distributive-thermometer,"{""resolution"": 8}",sepsis experiment,48048,88272,22069,2,3,2,1702337949,24
2000,0.7329285422991526,0.7915564148184191,0.5069329170900818,0.7329285422991525,5502,3,2.287728786468506,1.0974066257476807,count-cuckoo,"{""capacity"": 500, ""bucket_size"": 2}",8,sepsis,distributive-thermometer,"{""resolution"": 8}",sepsis experiment,48048,88272,22069,2,3,2,1702337954,24
4000,0.9251438669627079,0.8903034445379013,0.4805583015581603,0.9251438669627079,26,3,2.287728786468506,1.1149570941925049,count-cuckoo,"{""capacity"": 500, ""bucket_size"": 2}",8,sepsis,distributive-thermometer,"{""resolution"": 8}",sepsis experiment,48048,88272,22069,2,3,2,1702337954,24
2000,0.9263219901218904,0.8908920043310973,0.48087598795634173,0.9263219901218904,0,1,2.262888193130493,1.1171178817749023,count-cuckoo,"{""capacity"": 100, ""bucket_size"": 2}",8,sepsis,distributive-thermometer,"{""resolution"": 8}",sepsis experiment,9648,88272,22069,2,3,2,1702337959,24
4000,0.9263219901218904,0.8908920043310973,0.48087598795634173,0.9263219901218904,0,1,2.262888193130493,1.1220662593841553,count-cuckoo,"{""capacity"": 100, ""bucket_size"": 2}",8,sepsis,distributive-thermometer,"{""resolution"": 8}",sepsis experiment,9648,88272,22069,2,3,2,1702337959,24
2000,0.6129865422085278,0.7047715010005122,0.46879424050197827,0.6129865422085278,8945,2,2.29118013381958,1.119558572769165,count-cuckoo,"{""capacity"": 100, ""bucket_size"": 2}",8,sepsis,distributive-thermometer,"{""resolution"": 8}",sepsis experiment,9648,88272,22069,2,3,2,1702337963,24
4000,0.9251438669627079,0.8903034445379013,0.4805583015581603,0.9251438669627079,26,2,2.29118013381958,1.1215910911560059,count-cuckoo,"{""capacity"": 100, ""bucket_size"": 2}",8,sepsis,distributive-thermometer,"{""resolution"": 8}",sepsis experiment,9648,88272,22069,2,3,2,1702337963,24
2000,0.7138066971770357,0.779169658239147,0.5057292762236398,0.7138066971770357,6124,3,2.2858705520629883,1.103989839553833,count-cuckoo,"{""capacity"": 100, ""bucket_size"": 2}",8,sepsis,distributive-thermometer,"{""resolution"": 8}",sepsis experiment,9648,88272,22069,2,3,2,1702337968,24
4000,0.9263219901218904,0.8908920043310973,0.48087598795634173,0.9263219901218904,0,3,2.2858705520629883,1.0892515182495117,count-cuckoo,"{""capacity"": 100, ""bucket_size"": 2}",8,sepsis,distributive-thermometer,"{""resolution"": 8}",sepsis experiment,9648,88272,22069,2,3,2,1702337968,24
2000,0.8660111468575831,0.8676853639336316,0.5214903889884918,0.8660111468575831,1717,1,3.201003074645996,1.3451755046844482,heavy-hitters,"{""num_hitters"": 100, ""width"": 1000, ""depth"": 5}",8,sepsis,distributive-thermometer,"{""resolution"": 8}",sepsis experiment,120096,88272,22069,2,3,2,1702337973,24
4000,0.8073768634736508,0.8361287854847038,0.5154264046417958,0.8073768634736509,3313,1,3.201003074645996,1.3509132862091064,heavy-hitters,"{""num_hitters"": 100, ""width"": 1000, ""depth"": 5}",8,sepsis,distributive-thermometer,"{""resolution"": 8}",sepsis experiment,120096,88272,22069,2,3,2,1702337973,24
2000,0.7170238796501881,0.7796718200795932,0.48414755458445285,0.7170238796501881,5615,2,3.1198623180389404,1.3367371559143066,heavy-hitters,"{""num_hitters"": 100, ""width"": 1000, ""depth"": 5}",8,sepsis,distributive-thermometer,"{""resolution"": 8}",sepsis experiment,120096,88272,22069,2,3,2,1702337979,24
4000,0.9263219901218904,0.8908920043310973,0.48087598795634173,0.9263219901218904,0,2,3.1198623180389404,1.3353767395019531,heavy-hitters,"{""num_hitters"": 100, ""width"": 1000, ""depth"": 5}",8,sepsis,distributive-thermometer,"{""resolution"": 8}",sepsis experiment,120096,88272,22069,2,3,2,1702337979,24
2000,0.8309846390865014,0.8527381325192467,0.5463492957498096,0.8309846390865013,2962,3,3.194056510925293,1.3722212314605713,heavy-hitters,"{""num_hitters"": 100, ""width"": 1000, ""depth"": 5}",8,sepsis,distributive-thermometer,"{""resolution"": 8}",sepsis experiment,120096,88272,22069,2,3,2,1702337985,24
4000,0.9263219901218904,0.8908920043310973,0.48087598795634173,0.9263219901218904,0,3,3.194056510925293,1.3360199928283691,heavy-hitters,"{""num_hitters"": 100, ""width"": 1000, ""depth"": 5}",8,sepsis,distributive-thermometer,"{""resolution"": 8}",sepsis experiment,120096,88272,22069,2,3,2,1702337985,24
2000,0.873578322533871,0.8714963503476505,0.5217064340252111,0.873578322533871,1514,1,2.3301479816436768,0.9883837699890137,heavy-hitters,"{""num_hitters"": 100, ""width"": 1000, ""depth"": 3}",8,sepsis,distributive-thermometer,"{""resolution"": 8}",sepsis experiment,72096,88272,22069,2,3,2,1702337991,24
4000,0.9263219901218904,0.8908920043310973,0.48087598795634173,0.9263219901218904,0,1,2.3301479816436768,0.9885892868041992,heavy-hitters,"{""num_hitters"": 100, ""width"": 1000, ""depth"": 3}",8,sepsis,distributive-thermometer,"{""resolution"": 8}",sepsis experiment,72096,88272,22069,2,3,2,1702337991,24
2000,0.785672209887172,0.8241892125400331,0.5173414399240784,0.785672209887172,3988,2,2.3862318992614746,1.0270087718963623,heavy-hitters,"{""num_hitters"": 100, ""width"": 1000, ""depth"": 3}",8,sepsis,distributive-thermometer,"{""resolution"": 8}",sepsis experiment,72096,88272,22069,2,3,2,1702337995,24
4000,0.9236938692283293,0.8895780736154302,0.48016676873792813,0.9236938692283293,58,2,2.3862318992614746,1.0261332988739014,heavy-hitters,"{""num_hitters"": 100, ""width"": 1000, ""depth"": 3}",8,sepsis,distributive-thermometer,"{""resolution"": 8}",sepsis experiment,72096,88272,22069,2,3,2,1702337995,24
2000,0.7138066971770357,0.779169658239147,0.5057292762236398,0.7138066971770357,6124,3,2.3262109756469727,0.9915628433227539,heavy-hitters,"{""num_hitters"": 100, ""width"": 1000, ""depth"": 3}",8,sepsis,distributive-thermometer,"{""resolution"": 8}",sepsis experiment,72096,88272,22069,2,3,2,1702338000,24
4000,0.9263219901218904,0.8908920043310973,0.48087598795634173,0.9263219901218904,0,3,2.3262109756469727,0.9807999134063721,heavy-hitters,"{""num_hitters"": 100, ""width"": 1000, ""depth"": 3}",8,sepsis,distributive-thermometer,"{""resolution"": 8}",sepsis experiment,72096,88272,22069,2,3,2,1702338000,24
2000,0.8782001903122026,0.8724972587492099,0.5123896640484318,0.8782001903122026,1328,1,3.1800577640533447,1.3878695964813232,heavy-hitters,"{""num_hitters"": 50, ""width"": 100, ""depth"": 5}",8,sepsis,distributive-thermometer,"{""resolution"": 8}",sepsis experiment,12096,88272,22069,2,3,2,1702338005,24
4000,0.8956001631247451,0.8824571669831616,0.5229924018724352,0.8956001631247451,938,1,3.1800577640533447,1.3153789043426514,heavy-hitters,"{""num_hitters"": 50, ""width"": 100, ""depth"": 5}",8,sepsis,distributive-thermometer,"{""resolution"": 8}",sepsis experiment,12096,88272,22069,2,3,2,1702338005,24
2000,0.8226924645430241,0.8463497893176393,0.5308573156933085,0.8226924645430241,3037,2,3.0993340015411377,1.3641557693481445,heavy-hitters,"{""num_hitters"": 50, ""width"": 100, ""depth"": 5}",8,sepsis,distributive-thermometer,"{""resolution"": 8}",sepsis experiment,12096,88272,22069,2,3,2,1702338011,24
4000,0.916081381122842,0.8859068154126618,0.4791770138593255,0.916081381122842,230,2,3.0993340015411377,1.3735666275024414,heavy-hitters,"{""num_hitters"": 50, ""width"": 100, ""depth"": 5}",8,sepsis,distributive-thermometer,"{""resolution"": 8}",sepsis experiment,12096,88272,22069,2,3,2,1702338011,24
2000,0.8309846390865014,0.8527381325192467,0.5463492957498096,0.8309846390865013,2962,3,3.07163667678833,1.2947378158569336,heavy-hitters,"{""num_hitters"": 50, ""width"": 100, ""depth"": 5}",8,sepsis,distributive-thermometer,"{""resolution"": 8}",sepsis experiment,12096,88272,22069,2,3,2,1702338017,24
4000,0.9263219901218904,0.8908920043310973,0.48087598795634173,0.9263219901218904,0,3,3.07163667678833,1.30598783493042,heavy-hitters,"{""num_hitters"": 50, ""width"": 100, ""depth"": 5}",8,sepsis,distributive-thermometer,"{""resolution"": 8}",sepsis experiment,12096,88272,22069,2,3,2,1702338017,24
2000,0.880873623634963,0.8750246822708128,0.5211355194115977,0.880873623634963,1315,1,2.300398826599121,0.9726970195770264,heavy-hitters,"{""num_hitters"": 50, ""width"": 100, ""depth"": 3}",8,sepsis,distributive-thermometer,"{""resolution"": 8}",sepsis experiment,7296,88272,22069,2,3,2,1702338023,24
4000,0.8617517785128461,0.8662777438046518,0.5269746007930554,0.8617517785128461,1877,1,2.300398826599121,0.9397192001342773,heavy-hitters,"{""num_hitters"": 50, ""width"": 100, ""depth"": 3}",8,sepsis,distributive-thermometer,"{""resolution"": 8}",sepsis experiment,7296,88272,22069,2,3,2,1702338023,24
2000,0.721555122570121,0.7852287357017183,0.5203279224589002,0.721555122570121,6149,2,2.270211935043335,0.9280152320861816,heavy-hitters,"{""num_hitters"": 50, ""width"": 100, ""depth"": 3}",8,sepsis,distributive-thermometer,"{""resolution"": 8}",sepsis experiment,7296,88272,22069,2,3,2,1702338027,24
4000,0.9263219901218904,0.8908920043310973,0.48087598795634173,0.9263219901218904,0,2,2.270211935043335,0.9443612098693848,heavy-hitters,"{""num_hitters"": 50, ""width"": 100, ""depth"": 3}",8,sepsis,distributive-thermometer,"{""resolution"": 8}",sepsis experiment,7296,88272,22069,2,3,2,1702338027,24
2000,0.7138066971770357,0.779169658239147,0.5057292762236398,0.7138066971770357,6124,3,2.355647563934326,1.0095527172088623,heavy-hitters,"{""num_hitters"": 50, ""width"": 100, ""depth"": 3}",8,sepsis,distributive-thermometer,"{""resolution"": 8}",sepsis experiment,7296,88272,22069,2,3,2,1702338031,24
4000,0.9263219901218904,0.8908920043310973,0.48087598795634173,0.9263219901218904,0,3,2.355647563934326,1.0137708187103271,heavy-hitters,"{""num_hitters"": 50, ""width"": 100, ""depth"": 3}",8,sepsis,distributive-thermometer,"{""resolution"": 8}",sepsis experiment,7296,88272,22069,2,3,2,1702338031,24
2000,0.8034799945625085,0.8326873737568877,0.5045708040251666,0.8034799945625085,3301,1,2.344618320465088,0.9997117519378662,heavy-hitters,"{""num_hitters"": 50, ""width"": 20, ""depth"": 3}",8,sepsis,distributive-thermometer,"{""resolution"": 8}",sepsis experiment,1536,88272,22069,2,3,2,1702338036,24
4000,0.9263219901218904,0.8908920043310973,0.48087598795634173,0.9263219901218904,0,1,2.344618320465088,0.9904074668884277,heavy-hitters,"{""num_hitters"": 50, ""width"": 20, ""depth"": 3}",8,sepsis,distributive-thermometer,"{""resolution"": 8}",sepsis experiment,1536,88272,22069,2,3,2,1702338036,24
2000,0.8243690244233993,0.8456249184406017,0.5177788875211775,0.8243690244233993,2846,2,2.271075963973999,0.9403724670410156,heavy-hitters,"{""num_hitters"": 50, ""width"": 20, ""depth"": 3}",8,sepsis,distributive-thermometer,"{""resolution"": 8}",sepsis experiment,1536,88272,22069,2,3,2,1702338040,24
4000,0.9263219901218904,0.8908920043310973,0.48087598795634173,0.9263219901218904,0,2,2.271075963973999,0.956200122833252,heavy-hitters,"{""num_hitters"": 50, ""width"": 20, ""depth"": 3}",8,sepsis,distributive-thermometer,"{""resolution"": 8}",sepsis experiment,1536,88272,22069,2,3,2,1702338040,24
2000,0.9121845122116997,0.8861413054230487,0.4934690120400012,0.9121845122116997,378,3,2.3648312091827393,0.9896042346954346,heavy-hitters,"{""num_hitters"": 50, ""width"": 20, ""depth"": 3}",8,sepsis,distributive-thermometer,"{""resolution"": 8}",sepsis experiment,1536,88272,22069,2,3,2,1702338045,24
4000,0.9263219901218904,0.8908920043310973,0.48087598795634173,0.9263219901218904,0,3,2.3648312091827393,0.9985487461090088,heavy-hitters,"{""num_hitters"": 50, ""width"": 20, ""depth"": 3}",8,sepsis,distributive-thermometer,"{""resolution"": 8}",sepsis experiment,1536,88272,22069,2,3,2,1702338045,24
2000,0.7126285740178531,0.778346758711207,0.5050003658343638,0.7126285740178531,6150,1,1.9837939739227295,0.8205525875091553,heavy-hitters,"{""num_hitters"": 50, ""width"": 20, ""depth"": 2}",8,sepsis,distributive-thermometer,"{""resolution"": 8}",sepsis experiment,1056,88272,22069,2,3,2,1702338049,24
4000,0.9263219901218904,0.8908920043310973,0.48087598795634173,0.9263219901218904,0,1,1.9837939739227295,0.8264651298522949,heavy-hitters,"{""num_hitters"": 50, ""width"": 20, ""depth"": 2}",8,sepsis,distributive-thermometer,"{""resolution"": 8}",sepsis experiment,1056,88272,22069,2,3,2,1702338049,24
2000,0.9263219901218904,0.8908920043310973,0.48087598795634173,0.9263219901218904,0,2,1.9171392917633057,0.7932050228118896,heavy-hitters,"{""num_hitters"": 50, ""width"": 20, ""depth"": 2}",8,sepsis,distributive-thermometer,"{""resolution"": 8}",sepsis experiment,1056,88272,22069,2,3,2,1702338053,24
4000,0.9263219901218904,0.8908920043310973,0.48087598795634173,0.9263219901218904,0,2,1.9171392917633057,0.7783734798431396,heavy-hitters,"{""num_hitters"": 50, ""width"": 20, ""depth"": 2}",8,sepsis,distributive-thermometer,"{""resolution"": 8}",sepsis experiment,1056,88272,22069,2,3,2,1702338053,24
2000,0.8956001631247451,0.8824571669831616,0.5229924018724352,0.8956001631247451,938,3,1.9643983840942383,0.8254928588867188,heavy-hitters,"{""num_hitters"": 50, ""width"": 20, ""depth"": 2}",8,sepsis,distributive-thermometer,"{""resolution"": 8}",sepsis experiment,1056,88272,22069,2,3,2,1702338057,24
4000,0.880873623634963,0.8750246822708128,0.5211355194115977,0.880873623634963,1315,3,1.9643983840942383,0.8143889904022217,heavy-hitters,"{""num_hitters"": 50, ""width"": 20, ""depth"": 2}",8,sepsis,distributive-thermometer,"{""resolution"": 8}",sepsis experiment,1056,88272,22069,2,3,2,1702338057,24
2000,0.721555122570121,0.7852287357017183,0.5203279224589002,0.721555122570121,6149,1,2.3580708503723145,0.9886457920074463,heavy-hitters,"{""num_hitters"": 10, ""width"": 50, ""depth"": 3}",8,sepsis,distributive-thermometer,"{""resolution"": 8}",sepsis experiment,3696,88272,22069,2,3,2,1702338061,24
4000,0.9263219901218904,0.8908920043310973,0.48087598795634173,0.9263219901218904,0,1,2.3580708503723145,0.9928915500640869,heavy-hitters,"{""num_hitters"": 10, ""width"": 50, ""depth"": 3}",8,sepsis,distributive-thermometer,"{""resolution"": 8}",sepsis experiment,3696,88272,22069,2,3,2,1702338061,24
2000,0.7137613847478363,0.7791380231434266,0.5057012139214165,0.7137613847478363,6125,2,2.34311842918396,0.9828062057495117,heavy-hitters,"{""num_hitters"": 10, ""width"": 50, ""depth"": 3}",8,sepsis,distributive-thermometer,"{""resolution"": 8}",sepsis experiment,3696,88272,22069,2,3,2,1702338065,24
4000,0.9263219901218904,0.8908920043310973,0.48087598795634173,0.9263219901218904,0,2,2.34311842918396,0.9740309715270996,heavy-hitters,"{""num_hitters"": 10, ""width"": 50, ""depth"": 3}",8,sepsis,distributive-thermometer,"{""resolution"": 8}",sepsis experiment,3696,88272,22069,2,3,2,1702338065,24
2000,0.6130318546377271,0.7048074565094388,0.4688220096086465,0.6130318546377271,8944,3,2.257798433303833,0.9385554790496826,heavy-hitters,"{""num_hitters"": 10, ""width"": 50, ""depth"": 3}",8,sepsis,distributive-thermometer,"{""resolution"": 8}",sepsis experiment,3696,88272,22069,2,3,2,1702338070,24
4000,0.9263219901218904,0.8908920043310973,0.48087598795634173,0.9263219901218904,0,3,2.257798433303833,0.945059061050415,heavy-hitters,"{""num_hitters"": 10, ""width"": 50, ""depth"": 3}",8,sepsis,distributive-thermometer,"{""resolution"": 8}",sepsis experiment,3696,88272,22069,2,3,2,1702338070,24
2000,0.721555122570121,0.7852287357017183,0.5203279224589002,0.721555122570121,6149,1,1.9502596855163574,0.8085982799530029,heavy-hitters,"{""num_hitters"": 10, ""width"": 50, ""depth"": 2}",8,sepsis,distributive-thermometer,"{""resolution"": 8}",sepsis experiment,2496,88272,22069,2,3,2,1702338074,24
4000,0.9251438669627079,0.8903034445379013,0.4805583015581603,0.9251438669627079,26,1,1.9502596855163574,0.8245594501495361,heavy-hitters,"{""num_hitters"": 10, ""width"": 50, ""depth"": 2}",8,sepsis,distributive-thermometer,"{""resolution"": 8}",sepsis experiment,2496,88272,22069,2,3,2,1702338074,24
2000,0.880873623634963,0.8750246822708128,0.5211355194115977,0.880873623634963,1315,2,1.9988341331481934,0.8240597248077393,heavy-hitters,"{""num_hitters"": 10, ""width"": 50, ""depth"": 2}",8,sepsis,distributive-thermometer,"{""resolution"": 8}",sepsis experiment,2496,88272,22069,2,3,2,1702338078,24
4000,0.8476143006026553,0.8587725163218891,0.5249662441616019,0.8476143006026552,2255,2,1.9988341331481934,0.84663987159729,heavy-hitters,"{""num_hitters"": 10, ""width"": 50, ""depth"": 2}",8,sepsis,distributive-thermometer,"{""resolution"": 8}",sepsis experiment,2496,88272,22069,2,3,2,1702338078,24
2000,0.7138066971770357,0.779169658239147,0.5057292762236398,0.7138066971770357,6124,3,1.9715428352355957,0.8325331211090088,heavy-hitters,"{""num_hitters"": 10, ""width"": 50, ""depth"": 2}",8,sepsis,distributive-thermometer,"{""resolution"": 8}",sepsis experiment,2496,88272,22069,2,3,2,1702338082,24
4000,0.9263219901218904,0.8908920043310973,0.48087598795634173,0.9263219901218904,0,3,1.9715428352355957,0.8073062896728516,heavy-hitters,"{""num_hitters"": 10, ""width"": 50, ""depth"": 2}",8,sepsis,distributive-thermometer,"{""resolution"": 8}",sepsis experiment,2496,88272,22069,2,3,2,1702338082,24
2000,0.9263219901218904,0.8908920043310973,0.48087598795634173,0.9263219901218904,0,1,3.1008317470550537,1.3638324737548828,stream-threshold,"{""threshold"": 100, ""width"": 1000, ""depth"": 5}",8,sepsis,distributive-thermometer,"{""resolution"": 8}",sepsis experiment,120096,88272,22069,2,3,2,1702338085,24
4000,0.9263219901218904,0.8908920043310973,0.48087598795634173,0.9263219901218904,0,1,3.1008317470550537,1.3563237190246582,stream-threshold,"{""threshold"": 100, ""width"": 1000, ""depth"": 5}",8,sepsis,distributive-thermometer,"{""resolution"": 8}",sepsis experiment,120096,88272,22069,2,3,2,1702338085,24
2000,0.9263219901218904,0.8908920043310973,0.48087598795634173,0.9263219901218904,0,2,2.8589255809783936,1.2398536205291748,stream-threshold,"{""threshold"": 100, ""width"": 1000, ""depth"": 5}",8,sepsis,distributive-thermometer,"{""resolution"": 8}",sepsis experiment,120096,88272,22069,2,3,2,1702338092,24
4000,0.9251438669627079,0.8903034445379013,0.4805583015581603,0.9251438669627079,26,2,2.8589255809783936,1.2196624279022217,stream-threshold,"{""threshold"": 100, ""width"": 1000, ""depth"": 5}",8,sepsis,distributive-thermometer,"{""resolution"": 8}",sepsis experiment,120096,88272,22069,2,3,2,1702338092,24
2000,0.7138066971770357,0.779169658239147,0.5057292762236398,0.7138066971770357,6124,3,3.0017268657684326,1.328301191329956,stream-threshold,"{""threshold"": 100, ""width"": 1000, ""depth"": 5}",8,sepsis,distributive-thermometer,"{""resolution"": 8}",sepsis experiment,120096,88272,22069,2,3,2,1702338097,24
4000,0.9263219901218904,0.8908920043310973,0.48087598795634173,0.9263219901218904,0,3,3.0017268657684326,1.3613085746765137,stream-threshold,"{""threshold"": 100, ""width"": 1000, ""depth"": 5}",8,sepsis,distributive-thermometer,"{""resolution"": 8}",sepsis experiment,120096,88272,22069,2,3,2,1702338097,24
2000,0.8744392586886583,0.8690162965881683,0.5006268458844801,0.8744392586886585,1349,1,2.817056894302368,1.2362401485443115,stream-threshold,"{""threshold"": 50, ""width"": 1000, ""depth"": 5}",8,sepsis,distributive-thermometer,"{""resolution"": 8}",sepsis experiment,120096,88272,22069,2,3,2,1702338103,24
4000,0.7658706783270651,0.8090021411155818,0.48240063798016125,0.765870678327065,4111,1,2.817056894302368,1.2246763706207275,stream-threshold,"{""threshold"": 50, ""width"": 1000, ""depth"": 5}",8,sepsis,distributive-thermometer,"{""resolution"": 8}",sepsis experiment,120096,88272,22069,2,3,2,1702338103,24
2000,0.6129865422085278,0.7047715010005122,0.46879424050197827,0.6129865422085278,8945,2,2.7905426025390625,1.2057347297668457,stream-threshold,"{""threshold"": 50, ""width"": 1000, ""depth"": 5}",8,sepsis,distributive-thermometer,"{""resolution"": 8}",sepsis experiment,120096,88272,22069,2,3,2,1702338108,24
4000,0.9263219901218904,0.8908920043310973,0.48087598795634173,0.9263219901218904,0,2,2.7905426025390625,1.2222909927368164,stream-threshold,"{""threshold"": 50, ""width"": 1000, ""depth"": 5}",8,sepsis,distributive-thermometer,"{""resolution"": 8}",sepsis experiment,120096,88272,22069,2,3,2,1702338108,24
2000,0.7138066971770357,0.779169658239147,0.5057292762236398,0.7138066971770357,6124,3,2.9294016361236572,1.280864953994751,stream-threshold,"{""threshold"": 50, ""width"": 1000, ""depth"": 5}",8,sepsis,distributive-thermometer,"{""resolution"": 8}",sepsis experiment,120096,88272,22069,2,3,2,1702338114,24
4000,0.9263219901218904,0.8908920043310973,0.48087598795634173,0.9263219901218904,0,3,2.9294016361236572,1.2744526863098145,stream-threshold,"{""threshold"": 50, ""width"": 1000, ""depth"": 5}",8,sepsis,distributive-thermometer,"{""resolution"": 8}",sepsis experiment,120096,88272,22069,2,3,2,1702338114,24
2000,0.9263219901218904,0.8908920043310973,0.48087598795634173,0.9263219901218904,0,1,2.913296699523926,1.259124994277954,stream-threshold,"{""threshold"": 100, ""width"": 250, ""depth"": 5}",8,sepsis,distributive-thermometer,"{""resolution"": 8}",sepsis experiment,30096,88272,22069,2,3,2,1702338119,24
4000,0.9251438669627079,0.8903034445379013,0.4805583015581603,0.9251438669627079,26,1,2.913296699523926,1.2474517822265625,stream-threshold,"{""threshold"": 100, ""width"": 250, ""depth"": 5}",8,sepsis,distributive-thermometer,"{""resolution"": 8}",sepsis experiment,30096,88272,22069,2,3,2,1702338119,24
2000,0.8728533236666818,0.8712217017589409,0.5223327308730269,0.8728533236666818,1538,2,2.8277487754821777,1.2245466709136963,stream-threshold,"{""threshold"": 100, ""width"": 250, ""depth"": 5}",8,sepsis,distributive-thermometer,"{""resolution"": 8}",sepsis experiment,30096,88272,22069,2,3,2,1702338125,24
4000,0.9255969912547012,0.8908803863953819,0.48310113943045596,0.9255969912547012,24,2,2.8277487754821777,1.2134861946105957,stream-threshold,"{""threshold"": 100, ""width"": 250, ""depth"": 5}",8,sepsis,distributive-thermometer,"{""resolution"": 8}",sepsis experiment,30096,88272,22069,2,3,2,1702338125,24
2000,0.721555122570121,0.7852287357017183,0.5203279224589002,0.721555122570121,6149,3,2.878920793533325,1.2414143085479736,stream-threshold,"{""threshold"": 100, ""width"": 250, ""depth"": 5}",8,sepsis,distributive-thermometer,"{""resolution"": 8}",sepsis experiment,30096,88272,22069,2,3,2,1702338131,24
4000,0.9263219901218904,0.8908920043310973,0.48087598795634173,0.9263219901218904,0,3,2.878920793533325,1.2629742622375488,stream-threshold,"{""threshold"": 100, ""width"": 250, ""depth"": 5}",8,sepsis,distributive-thermometer,"{""resolution"": 8}",sepsis experiment,30096,88272,22069,2,3,2,1702338131,24
2000,0.9263219901218904,0.8908920043310973,0.48087598795634173,0.9263219901218904,0,1,2.9112794399261475,1.2508800029754639,stream-threshold,"{""threshold"": 50, ""width"": 250, ""depth"": 5}",8,sepsis,distributive-thermometer,"{""resolution"": 8}",sepsis experiment,30096,88272,22069,2,3,2,1702338136,24
4000,0.9263219901218904,0.8908920043310973,0.48087598795634173,0.9263219901218904,0,1,2.9112794399261475,1.283738613128662,stream-threshold,"{""threshold"": 50, ""width"": 250, ""depth"": 5}",8,sepsis,distributive-thermometer,"{""resolution"": 8}",sepsis experiment,30096,88272,22069,2,3,2,1702338136,24
2000,0.721555122570121,0.7852287357017183,0.5203279224589002,0.721555122570121,6149,2,2.841914653778076,1.2269182205200195,stream-threshold,"{""threshold"": 50, ""width"": 250, ""depth"": 5}",8,sepsis,distributive-thermometer,"{""resolution"": 8}",sepsis experiment,30096,88272,22069,2,3,2,1702338142,24
4000,0.9263219901218904,0.8908920043310973,0.48087598795634173,0.9263219901218904,0,2,2.841914653778076,1.2282705307006836,stream-threshold,"{""threshold"": 50, ""width"": 250, ""depth"": 5}",8,sepsis,distributive-thermometer,"{""resolution"": 8}",sepsis experiment,30096,88272,22069,2,3,2,1702338142,24
2000,0.8309846390865014,0.8527381325192467,0.5463492957498096,0.8309846390865013,2962,3,2.8882012367248535,1.2422468662261963,stream-threshold,"{""threshold"": 50, ""width"": 250, ""depth"": 5}",8,sepsis,distributive-thermometer,"{""resolution"": 8}",sepsis experiment,30096,88272,22069,2,3,2,1702338147,24
4000,0.9263219901218904,0.8908920043310973,0.48087598795634173,0.9263219901218904,0,3,2.8882012367248535,1.2548000812530518,stream-threshold,"{""threshold"": 50, ""width"": 250, ""depth"": 5}",8,sepsis,distributive-thermometer,"{""resolution"": 8}",sepsis experiment,30096,88272,22069,2,3,2,1702338147,24
2000,0.8728533236666818,0.8712217017589409,0.5223327308730269,0.8728533236666818,1538,1,2.1920883655548096,0.9539098739624023,stream-threshold,"{""threshold"": 100, ""width"": 1000, ""depth"": 3}",8,sepsis,distributive-thermometer,"{""resolution"": 8}",sepsis experiment,72096,88272,22069,2,3,2,1702338153,24
4000,0.9255969912547012,0.8908803863953819,0.48310113943045596,0.9255969912547012,24,1,2.1920883655548096,0.9669592380523682,stream-threshold,"{""threshold"": 100, ""width"": 1000, ""depth"": 3}",8,sepsis,distributive-thermometer,"{""resolution"": 8}",sepsis experiment,72096,88272,22069,2,3,2,1702338153,24
2000,0.9263219901218904,0.8908920043310973,0.48087598795634173,0.9263219901218904,0,2,2.3072731494903564,1.000688076019287,stream-threshold,"{""threshold"": 100, ""width"": 1000, ""depth"": 3}",8,sepsis,distributive-thermometer,"{""resolution"": 8}",sepsis experiment,72096,88272,22069,2,3,2,1702338157,24
4000,0.9263219901218904,0.8908920043310973,0.48087598795634173,0.9263219901218904,0,2,2.3072731494903564,1.027428388595581,stream-threshold,"{""threshold"": 100, ""width"": 1000, ""depth"": 3}",8,sepsis,distributive-thermometer,"{""resolution"": 8}",sepsis experiment,72096,88272,22069,2,3,2,1702338157,24
2000,0.9263219901218904,0.8908920043310973,0.48087598795634173,0.9263219901218904,0,3,2.154311418533325,0.9332065582275391,stream-threshold,"{""threshold"": 100, ""width"": 1000, ""depth"": 3}",8,sepsis,distributive-thermometer,"{""resolution"": 8}",sepsis experiment,72096,88272,22069,2,3,2,1702338162,24
4000,0.9263219901218904,0.8908920043310973,0.48087598795634173,0.9263219901218904,0,3,2.154311418533325,0.9429788589477539,stream-threshold,"{""threshold"": 100, ""width"": 1000, ""depth"": 3}",8,sepsis,distributive-thermometer,"{""resolution"": 8}",sepsis experiment,72096,88272,22069,2,3,2,1702338162,24
2000,0.8724001993746885,0.8708010791838526,0.5209098625448352,0.8724001993746885,1540,1,2.2108941078186035,0.9656851291656494,stream-threshold,"{""threshold"": 50, ""width"": 1000, ""depth"": 3}",8,sepsis,distributive-thermometer,"{""resolution"": 8}",sepsis experiment,72096,88272,22069,2,3,2,1702338166,24
4000,0.9251438669627079,0.8903034445379013,0.4805583015581603,0.9251438669627079,26,1,2.2108941078186035,0.9667651653289795,stream-threshold,"{""threshold"": 50, ""width"": 1000, ""depth"": 3}",8,sepsis,distributive-thermometer,"{""resolution"": 8}",sepsis experiment,72096,88272,22069,2,3,2,1702338166,24
2000,0.873578322533871,0.8714963503476505,0.5217064340252111,0.873578322533871,1514,2,2.2427351474761963,0.9697911739349365,stream-threshold,"{""threshold"": 50, ""width"": 1000, ""depth"": 3}",8,sepsis,distributive-thermometer,"{""resolution"": 8}",sepsis experiment,72096,88272,22069,2,3,2,1702338170,24
4000,0.9263219901218904,0.8908920043310973,0.48087598795634173,0.9263219901218904,0,2,2.2427351474761963,0.9792845249176025,stream-threshold,"{""threshold"": 50, ""width"": 1000, ""depth"": 3}",8,sepsis,distributive-thermometer,"{""resolution"": 8}",sepsis experiment,72096,88272,22069,2,3,2,1702338170,24
2000,0.9263219901218904,0.8908920043310973,0.48087598795634173,0.9263219901218904,0,3,2.166510820388794,0.9402754306793213,stream-threshold,"{""threshold"": 50, ""width"": 1000, ""depth"": 3}",8,sepsis,distributive-thermometer,"{""resolution"": 8}",sepsis experiment,72096,88272,22069,2,3,2,1702338175,24
4000,0.9251438669627079,0.8903034445379013,0.4805583015581603,0.9251438669627079,26,3,2.166510820388794,0.9176962375640869,stream-threshold,"{""threshold"": 50, ""width"": 1000, ""depth"": 3}",8,sepsis,distributive-thermometer,"{""resolution"": 8}",sepsis experiment,72096,88272,22069,2,3,2,1702338175,24
2000,0.9255969912547012,0.8908803863953819,0.48310113943045596,0.9255969912547012,24,1,2.1561527252197266,0.9220268726348877,stream-threshold,"{""threshold"": 100, ""width"": 250, ""depth"": 3}",8,sepsis,distributive-thermometer,"{""resolution"": 8}",sepsis experiment,18096,88272,22069,2,3,2,1702338179,24
4000,0.9255969912547012,0.8908803863953819,0.48310113943045596,0.9255969912547012,24,1,2.1561527252197266,0.9084756374359131,stream-threshold,"{""threshold"": 100, ""width"": 250, ""depth"": 3}",8,sepsis,distributive-thermometer,"{""resolution"": 8}",sepsis experiment,18096,88272,22069,2,3,2,1702338179,24
2000,0.8735330101046717,0.8715467160323199,0.5222374117384887,0.8735330101046717,1519,2,2.2241528034210205,0.9531135559082031,stream-threshold,"{""threshold"": 100, ""width"": 250, ""depth"": 3}",8,sepsis,distributive-thermometer,"{""resolution"": 8}",sepsis experiment,18096,88272,22069,2,3,2,1702338183,24
4000,0.9263219901218904,0.8908920043310973,0.48087598795634173,0.9263219901218904,0,2,2.2241528034210205,0.9528720378875732,stream-threshold,"{""threshold"": 100, ""width"": 250, ""depth"": 3}",8,sepsis,distributive-thermometer,"{""resolution"": 8}",sepsis experiment,18096,88272,22069,2,3,2,1702338183,24
2000,0.9263219901218904,0.8908920043310973,0.48087598795634173,0.9263219901218904,0,3,2.3026621341705322,0.9950370788574219,stream-threshold,"{""threshold"": 100, ""width"": 250, ""depth"": 3}",8,sepsis,distributive-thermometer,"{""resolution"": 8}",sepsis experiment,18096,88272,22069,2,3,2,1702338187,24
4000,0.9263219901218904,0.8908920043310973,0.48087598795634173,0.9263219901218904,0,3,2.3026621341705322,0.9809050559997559,stream-threshold,"{""threshold"": 100, ""width"": 250, ""depth"": 3}",8,sepsis,distributive-thermometer,"{""resolution"": 8}",sepsis experiment,18096,88272,22069,2,3,2,1702338187,24
2000,0.8223299651094295,0.8490009479667351,0.5543045977459953,0.8223299651094295,3329,1,2.1396219730377197,0.9195339679718018,stream-threshold,"{""threshold"": 50, ""width"": 250, ""depth"": 3}",8,sepsis,distributive-thermometer,"{""resolution"": 8}",sepsis experiment,18096,88272,22069,2,3,2,1702338192,24
4000,0.9263219901218904,0.8908920043310973,0.48087598795634173,0.9263219901218904,0,1,2.1396219730377197,0.9142415523529053,stream-threshold,"{""threshold"": 50, ""width"": 250, ""depth"": 3}",8,sepsis,distributive-thermometer,"{""resolution"": 8}",sepsis experiment,18096,88272,22069,2,3,2,1702338192,24
2000,0.873578322533871,0.8714963503476505,0.5217064340252111,0.873578322533871,1514,2,2.2068235874176025,0.9648904800415039,stream-threshold,"{""threshold"": 50, ""width"": 250, ""depth"": 3}",8,sepsis,distributive-thermometer,"{""resolution"": 8}",sepsis experiment,18096,88272,22069,2,3,2,1702338196,24
4000,0.9263219901218904,0.8908920043310973,0.48087598795634173,0.9263219901218904,0,2,2.2068235874176025,0.9747006893157959,stream-threshold,"{""threshold"": 50, ""width"": 250, ""depth"": 3}",8,sepsis,distributive-thermometer,"{""resolution"": 8}",sepsis experiment,18096,88272,22069,2,3,2,1702338196,24
2000,0.9263219901218904,0.8908920043310973,0.48087598795634173,0.9263219901218904,0,3,2.173214912414551,0.9408109188079834,stream-threshold,"{""threshold"": 50, ""width"": 250, ""depth"": 3}",8,sepsis,distributive-thermometer,"{""resolution"": 8}",sepsis experiment,18096,88272,22069,2,3,2,1702338200,24
4000,0.9160360686936426,0.8858838615722178,0.47916408995654985,0.9160360686936426,231,3,2.173214912414551,0.9426412582397461,stream-threshold,"{""threshold"": 50, ""width"": 250, ""depth"": 3}",8,sepsis,distributive-thermometer,"{""resolution"": 8}",sepsis experiment,18096,88272,22069,2,3,2,1702338200,24
2000,0.8309846390865014,0.8527381325192467,0.5463492957498096,0.8309846390865013,2962,1,2.149038791656494,0.9328029155731201,stream-threshold,"{""threshold"": 50, ""width"": 100, ""depth"": 3}",8,sepsis,distributive-thermometer,"{""resolution"": 8}",sepsis experiment,7296,88272,22069,2,3,2,1702338205,24
4000,0.9263219901218904,0.8908920043310973,0.48087598795634173,0.9263219901218904,0,1,2.149038791656494,0.9163694381713867,stream-threshold,"{""threshold"": 50, ""width"": 100, ""depth"": 3}",8,sepsis,distributive-thermometer,"{""resolution"": 8}",sepsis experiment,7296,88272,22069,2,3,2,1702338205,24
2000,0.7079613938103222,0.7733710153777228,0.4774314027223303,0.7079613938103222,5785,2,2.1525988578796387,0.9317049980163574,stream-threshold,"{""threshold"": 50, ""width"": 100, ""depth"": 3}",8,sepsis,distributive-thermometer,"{""resolution"": 8}",sepsis experiment,7296,88272,22069,2,3,2,1702338209,24
4000,0.908922017309348,0.882338544493105,0.47762882929630707,0.908922017309348,390,2,2.1525988578796387,0.9445667266845703,stream-threshold,"{""threshold"": 50, ""width"": 100, ""depth"": 3}",8,sepsis,distributive-thermometer,"{""resolution"": 8}",sepsis experiment,7296,88272,22069,2,3,2,1702338209,24
2000,0.8735330101046717,0.8715467160323199,0.5222374117384887,0.8735330101046717,1519,3,2.1665122509002686,0.9230449199676514,stream-threshold,"{""threshold"": 50, ""width"": 100, ""depth"": 3}",8,sepsis,distributive-thermometer,"{""resolution"": 8}",sepsis experiment,7296,88272,22069,2,3,2,1702338213,24
4000,0.9263219901218904,0.8908920043310973,0.48087598795634173,0.9263219901218904,0,3,2.1665122509002686,0.9310863018035889,stream-threshold,"{""threshold"": 50, ""width"": 100, ""depth"": 3}",8,sepsis,distributive-thermometer,"{""resolution"": 8}",sepsis experiment,7296,88272,22069,2,3,2,1702338213,24
2000,0.8728533236666818,0.8712217017589409,0.5223327308730269,0.8728533236666818,1538,1,1.7834484577178955,0.7578997611999512,stream-threshold,"{""threshold"": 50, ""width"": 100, ""depth"": 2}",8,sepsis,distributive-thermometer,"{""resolution"": 8}",sepsis experiment,4896,88272,22069,2,3,2,1702338217,24
4000,0.9255969912547012,0.8908803863953819,0.48310113943045596,0.9255969912547012,24,1,1.7834484577178955,0.7606165409088135,stream-threshold,"{""threshold"": 50, ""width"": 100, ""depth"": 2}",8,sepsis,distributive-thermometer,"{""resolution"": 8}",sepsis experiment,4896,88272,22069,2,3,2,1702338217,24
2000,0.8956001631247451,0.8824571669831616,0.5229924018724352,0.8956001631247451,938,2,1.7527425289154053,0.7477631568908691,stream-threshold,"{""threshold"": 50, ""width"": 100, ""depth"": 2}",8,sepsis,distributive-thermometer,"{""resolution"": 8}",sepsis experiment,4896,88272,22069,2,3,2,1702338221,24
4000,0.8853595541256967,0.8765984500903254,0.5166471517637308,0.8853595541256967,1168,2,1.7527425289154053,0.7550735473632812,stream-threshold,"{""threshold"": 50, ""width"": 100, ""depth"": 2}",8,sepsis,distributive-thermometer,"{""resolution"": 8}",sepsis experiment,4896,88272,22069,2,3,2,1702338221,24
2000,0.8222846526802302,0.8489718383692793,0.5542695067314639,0.8222846526802302,3330,3,1.8782274723052979,0.8031625747680664,stream-threshold,"{""threshold"": 50, ""width"": 100, ""depth"": 2}",8,sepsis,distributive-thermometer,"{""resolution"": 8}",sepsis experiment,4896,88272,22069,2,3,2,1702338224,24
4000,0.9263219901218904,0.8908920043310973,0.48087598795634173,0.9263219901218904,0,3,1.8782274723052979,0.8111739158630371,stream-threshold,"{""threshold"": 50, ""width"": 100, ""depth"": 2}",8,sepsis,distributive-thermometer,"{""resolution"": 8}",sepsis experiment,4896,88272,22069,2,3,2,1702338224,24
